{"vegas": {"1": {"1": {"delay": 468.699, "loss": 0.005549284101717178, "tput": 49.970354530160996}, "all": {"delay": 468.699, "loss": 0.005549284101717178, "tput": 49.970354530160996}}}, "bbr": {"1": {"1": {"delay": 493.497, "loss": 0.004746179425188624, "tput": 49.97085773214667}, "all": {"delay": 493.497, "loss": 0.004746179425188624, "tput": 49.97085773214667}}}, "cubic": {"1": {"1": {"delay": 436.238, "loss": 0.007313952680188973, "tput": 49.97033278994956}, "all": {"delay": 436.238, "loss": 0.007313952680188973, "tput": 49.97033278994956}}}}