{"vegas": {"1": {"1": {"delay": 17442.391, "loss": 0.26372726456714646, "tput": 0.9948918573628609}, "all": {"delay": 17442.391, "loss": 0.26372726456714646, "tput": 0.9948918573628609}}}, "bbr": {"1": {"1": {"delay": 17443.63, "loss": 0.26343069610154823, "tput": 0.9948807189335487}, "all": {"delay": 17443.63, "loss": 0.26343069610154823, "tput": 0.9948807189335487}}}, "cubic": {"1": {"1": {"delay": 17441.516, "loss": 0.26920772431686635, "tput": 0.9946810878046797}, "all": {"delay": 17441.516, "loss": 0.26920772431686635, "tput": 0.9946810878046797}}}}