{"vegas": {"1": {"1": {"delay": 1844.993, "loss": 0.015262467170925498, "tput": 11.99066545719583}, "all": {"delay": 1844.993, "loss": 0.015262467170925498, "tput": 11.99066545719583}}}, "bbr": {"1": {"1": {"delay": 1900.753, "loss": 0.013834371097376508, "tput": 11.998868301059705}, "all": {"delay": 1900.753, "loss": 0.013834371097376508, "tput": 11.998868301059705}}}, "cubic": {"1": {"1": {"delay": 1823.473, "loss": 0.01951951257083051, "tput": 11.943504547551825}, "all": {"delay": 1823.473, "loss": 0.01951951257083051, "tput": 11.943504547551825}}}}